[
  {
    "label": "Clinical disciplines",
    "options": [
      {
        "value": "hospital-medicine",
        "label": "Hospital Medicine (Internal Medicine)"
      },
      {
        "value": "emergency-medicine",
        "label": "Emergency Medicine"
      },
      {
        "value": "critical-care",
        "label": "Critical Care / Intensivist"
      },
      {
        "value": "anesthesiology",
        "label": "Anesthesiology"
      },
      {
        "value": "cardiology-inpatient",
        "label": "Cardiology (Inpatient/Consult)"
      },
      {
        "value": "ctsurgery",
        "label": "Cardiothoracic Surgery"
      },
      {
        "value": "vascular-surgery",
        "label": "Vascular Surgery"
      },
      {
        "value": "general-surgery",
        "label": "General Surgery"
      },
      {
        "value": "neurosurgery",
        "label": "Neurosurgery"
      },
      {
        "value": "neurology",
        "label": "Neurology (Stroke/Consult)"
      },
      {
        "value": "orthopedics",
        "label": "Orthopedic Surgery"
      },
      {
        "value": "urology",
        "label": "Urology"
      },
      {
        "value": "ent",
        "label": "Otolaryngology (ENT)"
      },
      {
        "value": "ophthalmology",
        "label": "Ophthalmology"
      },
      {
        "value": "obgyn-inpatient",
        "label": "Obstetrics & Gynecology (L&D/Inpatient)"
      },
      {
        "value": "pediatrics-inpatient",
        "label": "Pediatrics (Inpatient)"
      },
      {
        "value": "nicu",
        "label": "Neonatology / NICU"
      },
      {
        "value": "id",
        "label": "Infectious Diseases"
      },
      {
        "value": "endocrinology",
        "label": "Endocrinology"
      },
      {
        "value": "gi-hepatology",
        "label": "Gastroenterology / Hepatology"
      },
      {
        "value": "hematology",
        "label": "Hematology"
      },
      {
        "value": "oncology",
        "label": "Oncology"
      },
      {
        "value": "nephrology",
        "label": "Nephrology"
      },
      {
        "value": "pulmonary",
        "label": "Pulmonary Medicine"
      },
      {
        "value": "rheumatology",
        "label": "Rheumatology"
      },
      {
        "value": "dermatology-inpatient",
        "label": "Dermatology (Inpatient consult)"
      },
      {
        "value": "ir",
        "label": "Interventional Radiology"
      },
      {
        "value": "acute-pain",
        "label": "Pain Management / Acute Pain Service"
      },
      {
        "value": "palliative-inpatient",
        "label": "Palliative Care (Inpatient)"
      },
      {
        "value": "pmr-inpatient",
        "label": "Physical Medicine & Rehabilitation (Inpatient)"
      },
      {
        "value": "wound-care",
        "label": "Wound Care"
      },
      {
        "value": "clinical-pharmacy",
        "label": "Clinical Pharmacy"
      },
      {
        "value": "respiratory-therapy",
        "label": "Respiratory Therapy"
      },
      {
        "value": "nutrition-clinical",
        "label": "Nutrition & Dietetics (Clinical)"
      },
      {
        "value": "msw-case-mgmt",
        "label": "Medical Social Work / Case Management"
      },
      {
        "value": "pt-inpatient",
        "label": "Physical Therapy (Inpatient)"
      },
      {
        "value": "ot-inpatient",
        "label": "Occupational Therapy (Inpatient)"
      },
      {
        "value": "slp-inpatient",
        "label": "Speech-Language Pathology (Inpatient)"
      },
      {
        "value": "hospital-dentistry",
        "label": "Hospital Dentistry / Oral & Maxillofacial Surgery"
      },
      {
        "value": "primary-care",
        "label": "Primary Care / Family Medicine"
      },
      {
        "value": "im-outpatient",
        "label": "Internal Medicine (Outpatient)"
      },
      {
        "value": "geriatrics",
        "label": "Geriatrics"
      },
      {
        "value": "pediatrics-clinic",
        "label": "Pediatrics (Clinic)"
      },
      {
        "value": "obgyn-clinic",
        "label": "Obstetrics & Gynecology (Clinic)"
      },
      {
        "value": "sports-med",
        "label": "Sports Medicine"
      },
      {
        "value": "urgent-care",
        "label": "Urgent Care"
      },
      {
        "value": "telemedicine",
        "label": "Telemedicine"
      },
      {
        "value": "psychiatry",
        "label": "Psychiatry"
      },
      {
        "value": "psychology",
        "label": "Psychology"
      },
      {
        "value": "counseling",
        "label": "Counseling / Psychotherapy"
      },
      {
        "value": "sut",
        "label": "Substance Use Treatment"
      },
      {
        "value": "pain-clinic",
        "label": "Pain Management (Clinic)"
      },
      {
        "value": "palliative-clinic",
        "label": "Palliative Care (Clinic)"
      },
      {
        "value": "pmr-outpatient",
        "label": "Physical Medicine & Rehabilitation (Outpatient)"
      },
      {
        "value": "pt-outpatient",
        "label": "Physical Therapy (Outpatient)"
      },
      {
        "value": "ot-outpatient",
        "label": "Occupational Therapy (Outpatient)"
      },
      {
        "value": "slp-outpatient",
        "label": "Speech-Language Pathology (Outpatient)"
      },
      {
        "value": "audiology",
        "label": "Audiology"
      },
      {
        "value": "optometry",
        "label": "Optometry"
      },
      {
        "value": "dentistry",
        "label": "Dentistry"
      },
      {
        "value": "dental-hygiene",
        "label": "Dental Hygiene"
      },
      {
        "value": "podiatry",
        "label": "Podiatry"
      },
      {
        "value": "chiropractic",
        "label": "Chiropractic"
      },
      {
        "value": "acupuncture",
        "label": "Acupuncture / Traditional East Asian Medicine"
      },
      {
        "value": "naturopathic",
        "label": "Naturopathic Medicine"
      },
      {
        "value": "nutrition-outpatient",
        "label": "Nutrition & Dietetics (Outpatient)"
      },
      {
        "value": "lactation",
        "label": "Lactation Consulting"
      },
      {
        "value": "midwifery",
        "label": "Midwifery"
      },
      {
        "value": "home-health",
        "label": "Home Health"
      },
      {
        "value": "hospice",
        "label": "Hospice"
      },
      {
        "value": "public-health-nursing",
        "label": "Public Health Nursing / Community Health"
      },
      {
        "value": "school-health",
        "label": "School Health"
      },
      {
        "value": "athletic-training",
        "label": "Athletic Training"
      },
      {
        "value": "massage-therapy",
        "label": "Massage Therapy"
      },
      {
        "value": "ems",
        "label": "EMS / Paramedicine (Prehospital)"
      }
    ]
  },
  {
    "label": "Buyer / decision roles",
    "options": [
      {
        "value": "cmio",
        "label": "CMIO (Chief Medical Information Officer)"
      },
      {
        "value": "cio",
        "label": "CIO / VP IT (Health System or Group)"
      },
      {
        "value": "cmo",
        "label": "CMO / Medical Director"
      },
      {
        "value": "cno",
        "label": "CNO / Nursing Director"
      },
      {
        "value": "service-line-director",
        "label": "Service Line Director"
      },
      {
        "value": "quality-safety",
        "label": "Quality & Safety Director"
      },
      {
        "value": "compliance",
        "label": "Compliance Officer"
      },
      {
        "value": "risk-mgmt",
        "label": "Risk Management Director"
      },
      {
        "value": "him-coding",
        "label": "HIM / Coding Director"
      },
      {
        "value": "revenue-cycle",
        "label": "Revenue Cycle Director"
      },
      {
        "value": "practice-admin",
        "label": "Practice Administrator / Clinic Ops Director"
      },
      {
        "value": "group-owner",
        "label": "Group Practice Owner / Managing Partner"
      },
      {
        "value": "urgent-care-ops",
        "label": "Urgent Care Chain Operations Lead"
      },
      {
        "value": "telehealth-pm",
        "label": "Telehealth Platform Product Manager"
      },
      {
        "value": "bh-director",
        "label": "Behavioral Health Clinic Director"
      },
      {
        "value": "therapy-director",
        "label": "PT/OT/SLP Department Director"
      },
      {
        "value": "snf-rehab-admin",
        "label": "SNF / Inpatient Rehab Administrator"
      },
      {
        "value": "home-health-owner",
        "label": "Home Health Agency Owner / Director"
      },
      {
        "value": "hospice-director",
        "label": "Hospice Director"
      },
      {
        "value": "university-student-health",
        "label": "University Clinic / Student Health Director"
      },
      {
        "value": "gme-director",
        "label": "Residency/Fellowship Program Director"
      },
      {
        "value": "ems-chief",
        "label": "EMS Chief / Medical Director"
      }
    ]
  }
]